"File_ID","chloro_content","nitrogen_content","leaf_area_pixel","GLF","SGR","VI_GREEN","RGR"
"1","5.59345144910025","0.7457246104835541","1696323","0.45821227306154644","129.16447069513856","0.8503858896585774","48.50250792802222"
"2","5.59345144910025","0.7457246104835541","1696323","0.45821227306154644","129.16447069513856","0.8503858896585774","48.50250792802222"
